Name,Code,No cars or vans,One car or van,Two cars or vans,Three cars or vans,Four cars or vans
England,E92000001,25.7950236790684,42.15936569611675,24.663473863101952,5.456397228201968,1.9257395335109309
London,E12000007,41.554779860099266,40.53771799595429,14.042703800441679,2.927554664128324,0.9372436793764446
Lewisham,E09000023,48.14585109956844,40.477728678364386,9.328027151114211,1.6151122826058868,0.43328078834707257
