Name,Code,Very Good Health,Good Health,Fair Health,Bad Health,Very Bad Health,Day-to-Day Activities Limited a Lot,Day-to-Day Activities Limited a Little,Day-to-Day Activities Not Limited,Provides No Unpaid Care,Provides 1 to 19 Hours Unpaid Care a Week,Provides 20 to 49 Hours Unpaid Care a Week,Provides 50 or More Hours Unpaid Care a Week
England,E92000001,47.169502956059986,34.22112154169956,13.117845360720507,4.245126843396956,1.246403298122992,8.310111118036108,9.332131301368117,82.35775758059577,89.75709406860908,6.5128768982142615,1.3603274671899752,2.3697015659866807
London,E12000007,50.49936132399292,33.345542866042216,11.194538839954925,3.7355664788869896,1.2249904911229479,6.749057767850294,7.407699664091043,85.84324256805867,91.55886982790798,5.32519136118061,1.2894514408655506,1.8264873700458566
Lewisham,E09000023,49.08856951265926,34.01779727060188,11.70378962248763,3.89836344853834,1.2914801457128877,7.076499265998514,7.3262410062163585,85.59725972778513,91.83681606466463,5.0495677546803925,1.2693694836616707,1.8442466969933125
